{
    "LevelComplete": 10,
    "Volume": -20.613388061523439,
    "SFXOnOff": false,
    "MusicOnOff": true,
    "PlayerName": "Jessie",
    "SetQuality": 3.0,
    "V_Coins": 7010,
    "PlayerColor": {
        "r": 1.0,
        "g": 0.10980392247438431,
        "b": 0.10980392247438431,
        "a": 0.0
    },
    "CurrentSkin": [
        2,
        1,
        1
    ]
}