{
    "LevelComplete": 10,
    "Volume": 0.0,
    "SFXOnOff": false,
    "MusicOnOff": false,
    "PlayerName": "Jessie",
    "SetQuality": 3.0,
    "V_Coins": 22355,
    "PlayerColor": {
        "r": 0.18431369960308076,
        "g": 0.282353013753891,
        "b": 0.34509798884391787,
        "a": 0.0
    },
    "CurrentSkin": [
        1,
        2,
        1
    ]
}