{
    "LevelComplete": 10,
    "Volume": -20.0,
    "SFXOnOff": false,
    "MusicOnOff": true,
    "PlayerName": "Jessie",
    "SetQuality": 3.0,
    "V_Coins": 7010,
    "PlayerColor": {
        "r": 0.6549019813537598,
        "g": 0.36078429222106936,
        "b": 0.9411764740943909,
        "a": 0.0
    },
    "CurrentSkin": [
        1,
        1,
        2
    ]
}