{
    "LevelComplete": 10,
    "Volume": -17.584867477416993,
    "SFXOnOff": false,
    "MusicOnOff": false,
    "PlayerName": "Gunna",
    "SetQuality": 5.0,
    "V_Coins": 6047,
    "PlayerColor": {
        "r": 0.18431369960308076,
        "g": 0.282353013753891,
        "b": 0.34509798884391787,
        "a": 0.0
    },
    "CurrentSkin": [
        1,
        2,
        0
    ]
}